ds,yhat,yhat_lower,yhat_upper,product_id
2026-01-04,142.2214607620877,114.91555526898026,168.06189546126666,1
2026-01-11,165.71595007124625,139.3750636712275,192.79867726998137,1
2026-01-18,189.167686808503,162.11643057170264,215.47282552359977,1
2026-01-25,197.47188070615346,168.402402020637,224.7567665495797,1
2026-02-01,191.3381555996005,163.7422101531619,219.50928894920887,1
2026-02-08,183.1859804386142,156.5395561994149,210.6114650415245,1
2026-02-15,182.17183016609653,156.5295718603947,210.93585870031288,1
2026-02-22,185.58914426365877,157.60542997785535,214.00799234397292,1
2026-03-01,184.7593591287528,157.74876511273064,211.90759242178092,1
2026-03-08,176.54712663152148,147.74770084232213,204.34528387781668,1
2026-03-15,166.67564909567352,140.1188214101206,194.0041871350881,1
2026-03-22,162.2741009577252,135.30647811589873,189.35319393469027,1
2026-01-04,24.17768197478865,19.784437267297168,28.802819401464347,2
2026-01-11,27.68132142660378,22.869730646774173,32.743033163185295,2
2026-01-18,31.881072554103937,27.369512035869402,36.16211608141486,2
2026-01-25,33.77172409546461,29.095034894021595,38.4103838407844,2
2026-02-01,32.61882664464467,28.046145328388263,37.53499126085794,2
2026-02-08,30.250947719549973,25.80450862579865,34.90990813637053,2
2026-02-15,28.879326601472712,24.29843013317142,33.18796415718219,2
2026-02-22,28.993544682639588,24.53480674997083,33.61414489426952,2
2026-03-01,29.451963580337967,25.331374223287515,34.02025738061083,2
2026-03-08,29.20795297466107,24.993182586989093,33.91777217770993,2
2026-03-15,28.436836940680646,23.781298528881553,32.61556760478452,2
2026-03-22,27.92709881121675,23.51567306126868,32.52252061002343,2
2026-01-04,142.58512965525205,117.64305904702702,170.12589366706868,3
2026-01-11,161.94154185455244,135.36371027107282,185.57959948568504,3
2026-01-18,181.29223223951627,153.19810691209076,208.17944636816918,3
2026-01-25,188.4409975568501,162.3567697899396,214.39896901620583,3
2026-02-01,183.51005121800034,156.60770204136753,210.02438240562034,3
2026-02-08,175.6695360075977,150.46296772917276,203.2163658084377,3
2026-02-15,172.38526295448813,145.84112332901927,198.82659691386928,3
2026-02-22,173.2301005995602,149.64622070585122,199.80047921392276,3
2026-03-01,173.1702631540163,148.02352279392812,199.7262187555158,3
2026-03-08,169.3524276309246,144.1781065631892,195.9959061371611,3
2026-03-15,163.29260181415208,137.9188323132432,189.1428183599528,3
2026-03-22,157.61291297766672,132.73230235539492,183.69735729152097,3
2026-01-04,29.39014247180396,23.859649796313484,35.21172626540134,4
2026-01-11,34.301827111637955,28.948489020682615,39.96078041926921,4
2026-01-18,38.360568541672876,32.499228216034254,43.96551643683788,4
2026-01-25,39.06048705626295,33.53693780469179,44.56140874237531,4
2026-02-01,37.181350699485755,31.698988157199885,42.78383195477717,4
2026-02-08,35.40619613193203,29.74303647978028,40.60017413507547,4
2026-02-15,35.20905868220595,29.128547600469158,41.018373368217254,4
2026-02-22,35.60556168271147,30.32103254823334,41.127135846375694,4
2026-03-01,34.90580657851424,29.149233503617,41.08138708736781,4
2026-03-08,33.03807316706572,27.631639657527668,38.601787138890735,4
2026-03-15,31.588593164940086,26.24644101798129,36.892287078298594,4
2026-03-22,31.709089863171748,25.94701870273356,36.92893147047522,4
2026-01-04,220.40311786863683,176.90539230615636,260.07689485754804,5
2026-01-11,248.16405835132525,205.58421831687843,287.6407017959616,5
2026-01-18,272.91238041703195,232.7696344436534,312.80365625331865,5
2026-01-25,279.58890367937295,238.6087029152866,318.738732751617,5
2026-02-01,271.04931496413076,233.0708763766165,313.5429082776995,5
2026-02-08,262.3403357354841,221.09336875062618,303.6780810468811,5
2026-02-15,263.89967889252637,224.78393589740213,301.9652214459832,5
2026-02-22,271.9828641702286,231.6647793609004,316.8548379509892,5
2026-03-01,275.2075747744768,235.56376755257799,317.80096157544807,5
2026-03-08,268.0047752322254,227.63837848708494,311.00007114513954,5
2026-03-15,255.54814141276333,215.92006178412453,297.545151196332,5
2026-03-22,246.13718886629243,206.2260445568089,287.17470067668864,5
2026-01-04,162.97049474094618,131.1073029850243,190.86435719829836,6
2026-01-11,191.32658098525576,160.6816170339452,222.48438506516015,6
2026-01-18,214.61992215831506,185.34423344919276,244.69331643031506,6
2026-01-25,217.47815344353393,186.55814619678986,246.55699927570726,6
2026-02-01,204.82630304419433,175.2223781514969,237.88012841054137,6
2026-02-08,194.08327370527758,165.0458321431682,223.43645537567673,6
2026-02-15,196.25693137555803,167.1287103618299,224.32559931024122,6
2026-02-22,206.54249835923795,177.21158642501086,239.0484186298081,6
2026-03-01,212.40716640417628,180.62108884105163,242.65189992357745,6
2026-03-08,207.6324281282385,178.86305369211797,238.0625756168747,6
2026-03-15,196.66692234518644,167.8506611741761,226.3100543140786,6
2026-03-22,187.19528262677196,158.51584603022587,216.53508543585755,6
2026-01-04,122.54324465613387,97.93314695949249,146.9311342237155,7
2026-01-11,138.622619522575,115.25772214323166,161.26817532470133,7
2026-01-18,155.2628855812824,131.3751303704741,180.06733003556843,7
2026-01-25,160.9641023238799,138.67280694852053,183.94347924723232,7
2026-02-01,155.3096214022581,131.23040050664406,177.6157938483759,7
2026-02-08,146.94806197438987,123.4521144162432,169.81154396051946,7
2026-02-15,143.39425515369123,120.35777085613614,166.15490622807928,7
2026-02-22,144.50530566561287,121.40077030796863,167.72736207441685,7
2026-03-01,145.49200269460425,121.65803583158129,168.2420618446561,7
2026-03-08,143.81873872298854,120.68323114070643,167.06486280016472,7
2026-03-15,141.2064271289641,117.93062605707763,164.93112254758512,7
2026-03-22,139.5969109373236,115.96130376028441,162.6503405157294,7
2026-01-04,101.3262298151553,82.26337430969667,121.30334519659519,8
2026-01-11,117.5614840020213,98.34735241917666,136.71626859001609,8
2026-01-18,131.4545662886311,111.63021729637106,151.47855969933124,8
2026-01-25,135.3053772802447,116.28867881013237,155.68918806511124,8
2026-02-01,131.68135899144417,110.8606451754366,151.5039969676398,8
2026-02-08,128.13825564735927,108.48385909975104,146.83658470033285,8
2026-02-15,128.24306522870927,109.48884526010235,148.00165421663752,8
2026-02-22,129.18292170037833,109.33864997516913,149.54364933898097,8
2026-03-01,127.23164790689198,107.3760705574224,146.72374896318257,8
2026-03-08,123.11619441129037,103.3015603645876,143.40167547120313,8
2026-03-15,120.63709117950916,102.44951031936974,141.2311106858898,8
2026-03-22,121.05090107518983,101.30886574160272,141.14459885112925,8
2026-01-04,152.4852302536548,123.08538469614489,181.862266742249,9
2026-01-11,180.15127116400234,150.56714128226392,209.46091687081648,9
2026-01-18,197.88993710002185,170.16348563841416,226.83478074210655,9
2026-01-25,195.4804677614962,166.03946171769138,224.55623633674966,9
2026-02-01,183.13771703589316,153.9720662582644,211.46907678419976,9
2026-02-08,177.5187937642642,150.05305525484115,207.97139080367126,9
2026-02-15,182.9380487840986,153.78247439001274,212.98398680824036,9
2026-02-22,189.01972035318627,160.8122929503848,216.23935734706947,9
2026-03-01,185.29355577865155,157.31905676441903,212.03078353080818,9
2026-03-08,173.7837045828179,147.143517117123,202.16726281416126,9
2026-03-15,165.093948541143,136.8138188723561,194.64719808359501,9
2026-03-22,164.59711881615078,137.7969433770746,194.24474654867973,9
2026-01-04,75.24117513423218,60.37859451739169,89.14728096956651,10
2026-01-11,88.98989055593404,74.82524596495747,102.59922147373514,10
2026-01-18,101.85512388771862,87.72864609671285,116.25294454005567,10
2026-01-25,105.26861084422873,90.70484371640285,119.39600735100105,10
2026-02-01,99.74473145974981,85.2726896749006,114.13906334274354,10
2026-02-08,92.71921820626258,78.5839620281413,106.44956640419865,10
2026-02-15,90.30257222447644,76.05432166626602,104.91883838329602,10
2026-02-22,92.06433868387305,78.06929455589878,105.73905551598823,10
2026-03-01,93.48976093880194,80.64838198057728,108.12214155411199,10
2026-03-08,91.91861624544603,78.0965397302299,106.24367241217475,10
2026-03-15,88.84139795897907,74.17103068447089,103.17533389391859,10
2026-03-22,86.87169745046376,72.96214002889738,101.2491779916689,10
2026-01-04,142.43713737579236,115.58852258899407,172.25230093711232,11
2026-01-11,161.85850911254582,133.58052332985045,189.79133932314406,11
2026-01-18,177.0718662919529,148.83879955149823,203.66593414710445,11
2026-01-25,177.995401589704,151.10391729274602,204.4395718796573,11
2026-02-01,168.38633235013816,140.4525900659979,195.43911704624958,11
2026-02-08,160.25926503304083,133.81655557249573,187.19021687813725,11
2026-02-15,161.07835852642165,134.77475802484724,190.71420070980102,11
2026-02-22,167.68071373898098,139.48647108756342,196.30958057781748,11
2026-03-01,171.97912650658995,146.43022389313646,199.3724833004301,11
2026-03-08,170.26225300397255,141.80736594843603,198.071022457762,11
2026-03-15,165.53823680129702,138.23408761478981,190.43712783446682,11
2026-03-22,162.0418577402524,132.63208557690936,189.13291973063588,11
2026-01-04,174.32373419831163,142.72820067670585,204.3140702528459,12
2026-01-11,202.77846824161244,170.3999649857603,235.3133449249262,12
2026-01-18,230.14935548240055,199.35460003124672,258.4537780252946,12
2026-01-25,237.0100552648944,205.98339413580996,269.5598201834916,12
2026-02-01,224.21703259875832,193.52658073968593,255.63269297488782,12
2026-02-08,208.850778890158,179.4994977278041,241.13352122711896,12
2026-02-15,204.99341309109576,174.53825157520188,236.27597704156534,12
2026-02-22,211.13640304611903,179.4555377897352,240.84288088548746,12
2026-03-01,216.09501590585558,185.61148961857307,246.04899399283946,12
2026-03-08,213.53612318271007,182.86426129339605,241.94504414356916,12
2026-03-15,207.4316571031445,178.15979090098594,236.05614426239615,12
2026-03-22,204.16355456461065,172.78874769465324,236.17963622893694,12
2026-01-04,46.610884291125885,38.532390360077805,55.06679391080914,13
2026-01-11,53.29495156583929,45.014493334337466,62.07187074898142,13
2026-01-18,60.99560765217171,52.88798365397943,69.07323749870957,13
2026-01-25,64.9580227653257,57.03133879773578,73.32568562521374,13
2026-02-01,64.04308783867022,55.40978995167765,73.04225281231828,13
2026-02-08,60.876279565852116,52.03076648926761,69.33028685713461,13
2026-02-15,58.68548321631671,49.92630631810691,67.96114216115075,13
2026-02-22,58.36172561633785,50.22501574446909,66.87035158235904,13
2026-03-01,58.47158272990876,50.64424570239038,66.68980138064792,13
2026-03-08,57.51027255910899,48.92846728940451,66.24007504366526,13
2026-03-15,55.562599359306724,46.85138110357104,63.93731628854249,13
2026-03-22,53.76934309333153,45.26305110214272,62.12217263380063,13
2026-01-04,111.56181315294204,91.94454285625038,132.52426883628328,14
2026-01-11,126.33288389826428,107.11640534118378,145.99849242288903,14
2026-01-18,140.13101808741987,119.28214459520905,160.20675738804067,14
2026-01-25,145.11823762667504,125.01431501771617,164.0458286285597,14
2026-02-01,142.84809090971166,123.25614111852919,162.92679777759724,14
2026-02-08,139.94142789852486,120.97939742912565,160.1087392524506,14
2026-02-15,139.70758187510393,118.69455736530641,158.80638835645505,14
2026-02-22,139.51450756222496,119.19114334609817,158.4732829645465,14
2026-03-01,135.69989547571836,115.90933895827693,155.68116246216178,14
2026-03-08,128.8750303365122,108.00968012558685,148.52119842186002,14
2026-03-15,123.12295366274023,104.02658834046177,142.6740800919324,14
2026-03-22,120.8903739212733,101.24304017421673,140.04543669671907,14
2026-01-04,91.30214230927103,74.68114919321985,108.05188251779111,15
2026-01-11,105.29879303973736,87.94699165016357,121.97406665017706,15
2026-01-18,118.47265173139091,101.59158473929908,135.42954021034623,15
2026-01-25,122.77057210995207,106.16699218295794,140.20677004675707,15
2026-02-01,118.698963761827,102.21134100814317,136.447748277459,15
2026-02-08,113.2274042865675,96.24259568340119,129.8846292854759,15
2026-02-15,111.9926632071099,92.9895304190658,129.6923505455829,15
2026-02-22,114.38313643828317,97.08228858099868,133.07833358686517,15
2026-03-01,115.882578599015,98.80560203268652,134.4451770600272,15
2026-03-08,113.77694698352212,95.17490869482556,131.16369478540753,15
2026-03-15,109.49989070479364,92.15249162363503,126.12847171168822,15
2026-03-22,105.87322101752048,88.60059297984452,123.77581646345243,15
2026-01-04,120.67927854748125,98.63525743192785,143.14116302323495,16
2026-01-11,137.7073401871186,116.03523832861728,160.88114404659015,16
2026-01-18,151.10615155502967,128.63859615125165,173.66532627637463,16
2026-01-25,152.052318871176,129.2411233575849,172.7072343145908,16
2026-02-01,145.17296143604233,122.59870901060025,166.43061265268813,16
2026-02-08,141.1952953381478,117.7508521343931,163.6206716657528,16
2026-02-15,144.48243731685142,124.05219357332719,168.27814055971535,16
2026-02-22,149.6242003498992,127.93546696980927,172.81457537476214,16
2026-03-01,149.355865257507,127.07556579951351,170.61700398685755,16
2026-03-08,143.07456427679367,119.17737147282747,164.41070988793282,16
2026-03-15,136.19162972971878,114.62476491133066,158.50786398547393,16
2026-03-22,132.70106531252418,109.27314783230601,153.7326797081078,16
2026-01-04,189.2640213908935,153.96010217756154,227.6732906308596,17
2026-01-11,215.69749668652364,181.5468224452065,248.41631507328955,17
2026-01-18,235.33683112428682,200.80894941434073,272.59670176481717,17
2026-01-25,236.62889456054762,201.8306839482289,273.8415732919628,17
2026-02-01,226.35356664340125,189.03422769114644,265.0646257971645,17
2026-02-08,219.8408184590133,181.76862324433793,258.0802081208812,17
2026-02-15,224.26048687669933,189.7757939743103,260.0782404096996,17
2026-02-22,233.31630414987384,198.5462831258207,268.5712860708872,17
2026-03-01,236.88810935652472,198.70354159068742,272.66469614626,17
2026-03-08,232.46507660704913,198.69387071101988,268.5503560416812,17
2026-03-15,225.55716709849358,190.35860747343133,260.3047636768677,17
2026-03-22,220.97187406321453,186.494040298589,258.4024223818868,17
2026-01-04,149.7478181042615,120.68244196849986,176.59970868667625,18
2026-01-11,173.51050214917672,147.06614885238236,201.45430968446843,18
2026-01-18,191.07739763140077,163.70309134579114,218.58565055616364,18
2026-01-25,192.45745890821928,165.4887621818395,220.7631707110296,18
2026-02-01,183.69598108787142,157.27297773008326,212.16906283882193,18
2026-02-08,178.36576464446443,151.22995332961528,206.3945979264285,18
2026-02-15,182.52198256044142,154.34124290516073,209.18686154533242,18
2026-02-22,189.67878101801205,162.8008335093774,216.75427522791082,18
2026-03-01,189.95711675608376,163.12324396673458,217.98274006935037,18
2026-03-08,181.5547647945052,153.23585091011282,210.8937628694642,18
2026-03-15,171.47459402854247,143.54985960766248,196.3529411502603,18
2026-03-22,166.1771128018763,140.96985847441945,192.37092010197622,18
2026-01-04,159.45547665643352,126.20923462410404,190.6014122209167,19
2026-01-11,188.90199852256842,159.25209466466958,221.39876841915617,19
2026-01-18,212.38427127147673,179.8939168729182,244.94371110935177,19
2026-01-25,214.43289562480922,184.35276052147475,246.29029137206842,19
2026-02-01,200.7902046930049,168.93478602430068,232.2857692889236,19
2026-02-08,189.58624131297105,159.25225981935876,219.51026977020868,19
2026-02-15,191.1901129125681,157.4905603933205,221.9418224009681,19
2026-02-22,199.24736545421382,168.48150476524557,229.87787056967886,19
2026-03-01,200.8193784281463,167.40372886582605,233.6888314255694,19
2026-03-08,191.72434375534118,162.31100959228033,222.3633860315591,19
2026-03-15,179.43852276297662,149.2167058534221,208.3461611263825,19
2026-03-22,172.50462443970358,141.74761491037953,204.634146606752,19
2026-01-04,181.76324978811007,144.27394567814557,219.75363776164713,20
2026-01-11,205.7375243657943,169.60866286851584,246.8606720350123,20
2026-01-18,231.27953888073478,193.97499290208026,270.8114535866682,20
2026-01-25,240.78247038167194,203.1514751236162,277.6092904991957,20
2026-02-01,233.41985584421695,197.00015800234058,272.2138430153883,20
2026-02-08,222.7200716008905,186.05194392971995,258.61038160899903,20
2026-02-15,219.6302088225442,182.47493729357882,255.53441624606006,20
2026-02-22,221.378974354562,184.7787024130818,256.9207302049268,20
2026-03-01,217.96050808815323,180.6412469152794,252.39879508242674,20
2026-03-08,206.5081056754974,169.35852258652275,242.64060535323887,20
2026-03-15,195.37910205630817,155.90283186522782,235.78480647258633,20
2026-03-22,193.60769795093415,158.19506309546057,230.34782116247845,20
2026-01-04,199.33161567802202,162.2249205492464,238.67416291236788,21
2026-01-11,226.6701518121878,189.63913164941798,263.44524646229553,21
2026-01-18,248.27235417578623,208.00166528247328,286.1112674232028,21
2026-01-25,251.17998385568933,214.72642231502502,287.9894772199282,21
2026-02-01,243.9436286480828,209.37641379894612,279.6373409317496,21
2026-02-08,243.61407025020662,209.1768828422953,282.5027054876309,21
2026-02-15,254.8666112674273,217.3809121948768,291.54956195039415,21
2026-02-22,265.468575465509,226.40727003140765,302.7154077569505,21
2026-03-01,261.96673225861286,225.17518869959838,299.5096183660345,21
2026-03-08,245.85858658407827,208.31920173242023,284.49971859201446,21
2026-03-15,231.30852899565127,193.13680595168609,270.75465703079703,21
2026-03-22,228.3071424421128,187.2729198160508,267.30237416764675,21
2026-01-04,86.7412993435532,71.8171801210389,102.5578852032153,22
2026-01-11,100.8256940712485,85.62273350709998,117.18590772513353,22
2026-01-18,114.02860518059126,98.07595529688469,129.86984510210098,22
2026-01-25,118.23191725254452,102.90718406747249,134.54588301338535,22
2026-02-01,114.63477004633205,99.45768190595842,129.6009123612719,22
2026-02-08,110.87309300713373,94.63455673450271,127.18495537314743,22
2026-02-15,111.82526520573519,96.44490084094676,126.86581535743271,22
2026-02-22,114.7146960511059,97.43995058753664,130.79295218953214,22
2026-03-01,113.54705225824307,98.03182040310129,129.74292668247318,22
2026-03-08,106.91994832974201,90.97012538916215,123.86633930809887,22
2026-03-15,99.80531976136871,83.8665495696927,115.63536351958271,22
2026-03-22,97.60099908706353,81.29148399944741,113.38453989610191,22
2026-01-04,99.83033589616106,82.1781348978708,118.84970614990866,23
2026-01-11,116.4721858344463,98.00112275935496,136.20262960883574,23
2026-01-18,133.57053880351813,113.72743971218173,153.45402641400548,23
2026-01-25,139.54199741193113,120.50653979014199,159.34797160116628,23
2026-02-01,134.18587397887,114.20582932649783,154.0469160223415,23
2026-02-08,126.60971702775223,107.47704953700449,145.2184061756394,23
2026-02-15,124.46938843747547,106.10424650209154,143.4662609603106,23
2026-02-22,126.92203349399423,108.24950875388056,146.45585760349704,23
2026-03-01,128.01209362623044,108.68415585867994,147.9954602920666,23
2026-03-08,124.80742577970226,106.08132619203863,142.72359382504723,23
2026-03-15,120.21056419766599,103.3057454415913,139.74960414512276,23
2026-03-22,118.10920332390185,98.99261130289855,136.99963064523538,23
2026-01-04,205.1444340108296,166.9246282951708,242.32547103425588,24
2026-01-11,232.2147800164706,193.46584886312985,269.4882117581151,24
2026-01-18,262.89748084207946,223.72837109554723,299.1340818573497,24
2026-01-25,276.2214741824307,238.90524936623845,314.0788124612762,24
2026-02-01,269.4324287101797,230.25717917096898,310.0217798708007,24
2026-02-08,256.35440102450445,216.99859358013325,292.5309675020899,24
2026-02-15,250.33899023611536,210.00013733268338,290.2882010400042,24
2026-02-22,251.66845375581522,210.9979366996709,287.1733458750797,24
2026-03-01,251.4227907210073,216.19455910628602,290.46462268115465,24
2026-03-08,244.18920501886078,206.30380847884442,284.3845931269865,24
2026-03-15,233.80785801600985,197.10705877007894,272.1384136437174,24
2026-03-22,227.07484644161192,188.7500101821672,267.51359579365925,24
2026-01-04,25.731635906459324,21.10786313046671,30.313580033339846,25
2026-01-11,30.209586862907603,25.44600073941042,35.296034655762064,25
2026-01-18,34.89008842864742,30.25321578929448,39.43561680479421,25
2026-01-25,36.57960620922918,31.3534086242768,41.113257407746644,25
2026-02-01,35.377281439633485,30.511337737047896,40.106642020548406,25
2026-02-08,33.8305287670212,29.136809337460644,38.83605134965396,25
2026-02-15,33.67430267575609,28.843398725979863,38.70257977352621,25
2026-02-22,34.16115089781748,29.2409286524047,39.032225932426115,25
2026-03-01,33.65822263846802,28.72985642100471,38.57511600425396,25
2026-03-08,32.082622609840946,27.323761266504892,36.95251684676754,25
2026-03-15,30.97464509489359,25.922076458131695,35.508670346006106,25
2026-03-22,31.28271614409676,26.388012029550147,36.175505501795044,25
2026-01-04,62.21961952212069,49.75477347959142,74.5294076170589,26
2026-01-11,72.03685962693041,60.132799043867905,84.4270745578756,26
2026-01-18,80.94881756970591,68.85284998969611,92.5019863074691,26
2026-01-25,83.14052193305234,71.46682007272452,95.27735118661631,26
2026-02-01,79.52734830325412,66.91380653991426,91.69329839306302,26
2026-02-08,75.59386386853157,63.48009309698697,87.86265060179832,26
2026-02-15,75.08777496968251,62.943139796445024,87.22411534333801,26
2026-02-22,76.73549129323895,65.73894466419088,88.70846391682491,26
2026-03-01,76.96807911017585,64.40008009003098,88.4983530285289,26
2026-03-08,74.61700169319252,62.247307833073386,86.76087459238205,26
2026-03-15,71.92030946168339,59.514373270128246,83.63120713450652,26
2026-03-22,71.24526900583666,59.07235489589411,82.97080140417353,26
2026-01-04,31.84375115022864,25.396659088031303,38.328366733512425,27
2026-01-11,38.311391170407724,32.61130064564371,44.63899270787052,27
2026-01-18,43.373448470813535,36.92819935895123,49.766002722483556,27
2026-01-25,43.694153537029514,37.69046029234998,49.57505116255808,27
2026-02-01,40.99462770234164,34.96617946169371,47.381188136540814,27
2026-02-08,39.31914780238388,33.43106097055797,45.29152033086541,27
2026-02-15,40.325588289783724,34.29273799991642,46.734880879981674,27
2026-02-22,41.986806491918045,35.50200595692843,48.06838799553623,27
2026-03-01,41.63103897113801,35.4481149404364,48.1395000212624,27
2026-03-08,39.22489224798527,33.03166343752465,45.06425791246083,27
2026-03-15,37.05451484758489,30.646146515350463,43.1630740997552,27
2026-03-22,36.65610452926972,30.484456527734665,42.654761198751544,27
2026-01-04,78.816731871024,62.64940608763152,94.34672297334487,28
2026-01-11,90.0363139060512,74.52092300266445,103.91665191680376,28
2026-01-18,99.83765586057852,85.32918199679158,115.26531382256044,28
2026-01-25,102.37012262436212,87.0420512430811,117.70532137067381,28
2026-02-01,99.56979593510408,84.11289547967459,113.41580731344767,28
2026-02-08,97.37371785199413,82.42459015925625,112.45293495076648,28
2026-02-15,98.61207542422916,82.64702116918257,114.24456345372398,28
2026-02-22,100.68610336506234,85.73913231272627,115.57997178883566,28
2026-03-01,99.75522058801403,84.07416036178591,115.13842386416708,28
2026-03-08,95.59947995433593,80.16510750149607,110.5974902186698,28
2026-03-15,91.40236764499342,76.97513858416976,108.19968130659147,28
2026-03-22,89.48191140732611,74.34657962081424,104.81604213130692,28
2026-01-04,141.07516896558482,113.85363343987696,167.14017466880466,29
2026-01-11,165.88144343196925,142.3763903472183,189.14929647967816,29
2026-01-18,186.35765133793308,161.5973425918219,210.85781429956612,29
2026-01-25,190.09525828606454,163.9888393737615,215.19251182350615,29
2026-02-01,180.35281766158792,157.61014228959382,205.8432505228775,29
2026-02-08,170.03262515973114,143.20415439928612,196.78229122069325,29
2026-02-15,167.9247184175579,142.32723925849209,192.05755789105268,29
2026-02-22,172.03976040545462,147.7339047400198,196.27239896888887,29
2026-03-01,174.9740780637979,150.34529657297264,199.86183499110376,29
2026-03-08,172.8418510819264,148.72755047043802,198.68459587438699,29
2026-03-15,167.59181113669308,142.9051097610302,192.32693134223658,29
2026-03-22,162.344680177954,138.0711242733001,187.3303781969472,29
2026-01-04,185.3018602175472,149.69968094353925,222.8816984003658,30
2026-01-11,217.13837698927375,183.0351023442437,252.61620979174063,30
2026-01-18,244.63477225695888,210.3845495197176,277.9553410934533,30
2026-01-25,248.0375446328469,214.51662477663723,281.3220208386415,30
2026-02-01,231.42791925748122,197.332046275735,267.265806861895,30
2026-02-08,215.91163296150313,179.60485960921145,248.83400733460334,30
2026-02-15,216.31264289883654,183.6512068125638,251.7696889253315,30
2026-02-22,227.52809177852484,191.3602986313427,260.73145755621925,30
2026-03-01,233.8072005638756,199.90181505851947,268.05783668376944,30
2026-03-08,227.71202394396656,191.17740820453645,263.7360948576271,30
2026-03-15,216.55014656318951,182.63588202678952,251.21536552746616,30
2026-03-22,211.14816806363237,174.34927221872036,250.53046197467066,30
2026-01-04,30.870042993067326,25.24731440023768,36.525651474771884,31
2026-01-11,35.233218252784525,29.81098767106628,41.125173646228184,31
2026-01-18,38.50074379532648,32.830512327874075,44.13702812379432,31
2026-01-25,38.833165677151655,33.270829385232034,44.469651300121114,31
2026-02-01,37.4355311338264,31.830878624932968,42.90237147780767,31
2026-02-08,36.77889498537951,31.125161719354836,42.38579629596653,31
2026-02-15,37.82585325058001,32.104228476741284,43.454510575499015,31
2026-02-22,39.310480072206275,33.63507628736715,44.935820741323596,31
2026-03-01,39.51105622025072,33.49123529095492,45.23342623042743,31
2026-03-08,38.18051882278685,32.8684753420274,43.586722970036014,31
2026-03-15,36.49903715797667,31.341534049076955,42.52959977290932,31
2026-03-22,35.48125137553922,29.697479126632828,40.805570727081744,31
2026-01-04,116.19767331032618,96.17694309055571,138.39948612135947,32
2026-01-11,129.85264256988324,108.27239849016628,151.22186464827723,32
2026-01-18,145.1371141831431,125.0400686205219,166.77953850338153,32
2026-01-25,153.31160002678953,132.63141286574793,174.6619677152029,32
2026-02-01,153.3835348710791,131.79189268469133,173.52590432499608,32
2026-02-08,150.672743451468,129.59123859482668,171.62727740704486,32
2026-02-15,149.43324948561255,129.6145220793034,170.10715139981266,32
2026-02-22,148.57511120101447,126.03865038862384,169.65510009014776,32
2026-03-01,144.86731359404513,124.35835787742546,166.2851126863053,32
2026-03-08,138.5536961036164,116.47419080045935,158.70553852727716,32
2026-03-15,133.77606916100183,112.95113954803686,155.52004154007227,32
2026-03-22,133.32597227266652,112.91359071145574,154.17171397911451,32
2026-01-04,102.88053194902386,82.65317790498035,121.68086074537948,33
2026-01-11,119.72495466873502,100.74507516570924,137.4942266156182,33
2026-01-18,134.46611868707947,115.13051378351106,153.79217315772925,33
2026-01-25,137.1539207956845,117.9699623288927,157.06316885123056,33
2026-02-01,130.1661177900971,109.70195887227321,148.4037690614715,33
2026-02-08,124.061058837818,104.97215253265442,143.69096385670034,33
2026-02-15,125.67080373652956,107.59751391799358,145.24496452402542,33
2026-02-22,131.72861440696767,114.18250430877558,152.34449114903254,33
2026-03-01,134.05752746728058,114.026681936779,153.4398331254942,33
2026-03-08,129.1458713755763,111.14731117150399,149.33204892660078,33
2026-03-15,121.09481447071227,101.64176129034746,140.330527512084,33
2026-03-22,115.79982219933429,95.6899525775757,134.81552400217782,33
2026-01-04,31.50177934450559,25.867739705882457,37.85725002762855,34
2026-01-11,36.18630554033222,30.479522242296234,41.83112091563674,34
2026-01-18,39.9601099652171,34.18313893802349,46.05208083937408,34
2026-01-25,40.582523072886744,34.588696237825566,46.426830420675245,34
2026-02-01,39.06408828322977,33.273547219348856,45.06602547710476,34
2026-02-08,37.996009867493186,32.11576520845387,43.444606015047384,34
2026-02-15,38.48047563766947,32.6153960284789,43.85910915539991,34
2026-02-22,39.22565256814117,33.709988165301866,45.336877361575915,34
2026-03-01,38.55089152097307,32.883694018229,44.16677744483431,34
2026-03-08,36.59618836465219,30.924800651550555,42.64828648719722,34
2026-03-15,35.0576855541446,29.741974875999198,40.945115463678356,34
2026-03-22,34.98813783296639,29.433751208757776,40.98251508906694,34
2026-01-04,107.62474718285098,84.45651340654108,131.42962642658767,35
2026-01-11,123.86996491268812,101.02955301706774,146.88464217240852,35
2026-01-18,141.32440458534106,116.81665672186688,163.46233650126928,35
2026-01-25,148.88556223081986,125.58355279891771,173.22065347809274,35
2026-02-01,145.91818291478017,122.6264664522389,169.24417159621424,35
2026-02-08,140.62646859957903,118.17152567226084,163.8699843256799,35
2026-02-15,139.88629569392322,117.07417790317,163.61268420401655,35
2026-02-22,142.22670451060318,118.19479678603045,166.52164263230551,35
2026-03-01,141.07034077516823,117.96566849095076,163.66407646376564,35
2026-03-08,133.4101843126478,111.95261865176492,156.68137015472638,35
2026-03-15,123.63872906921497,99.64117655908204,144.7102451622538,35
2026-03-22,118.68970382652333,95.43187114725214,142.2999896520194,35
2026-01-04,199.0439246689144,163.10741783245948,241.90063096242065,36
2026-01-11,229.86892384975445,192.79609703623314,266.98063858177426,36
2026-01-18,262.8934684176593,224.0642045487842,300.5585630134797,36
2026-01-25,277.5621794541341,238.65920737565094,316.4157097872212,36
2026-02-01,272.55592392657206,235.95110218898586,309.2354592334993,36
2026-02-08,262.35575206069586,224.95597855899697,300.8189422289551,36
2026-02-15,259.4261969918571,220.1927973159531,297.19908061093224,36
2026-02-22,262.3924809143612,224.1188131884451,299.73169658272303,36
2026-03-01,261.4155309021305,225.489787388256,300.39334529123937,36
2026-03-08,251.8190891340641,213.26536896917582,291.74314464547484,36
2026-03-15,239.34094836639383,198.27298081743862,275.8506469268194,36
2026-03-22,232.27286300907764,193.02355165926684,269.5714363585146,36
2026-01-04,178.7537867941092,144.72327008038394,212.23034252119592,37
2026-01-11,204.6638939984272,169.65886426592212,239.02430036340462,37
2026-01-18,227.88900578261143,192.0918962024236,264.64146952138896,37
2026-01-25,234.88512499323446,198.92468312955876,267.73821696857243,37
2026-02-01,229.2835754046617,197.2649495216136,264.116022333534,37
2026-02-08,223.9075474773351,188.97893098357005,260.54075394397614,37
2026-02-15,225.33135215095325,188.91086423789542,259.70365851113587,37
2026-02-22,228.67185718884065,192.61021451085432,263.8371784510968,37
2026-03-01,226.3119695875772,189.60858793232956,264.9625834312395,37
2026-03-08,217.99843357240186,184.88417212257434,250.64566303488928,37
2026-03-15,210.23274228552702,175.5894098819413,244.2272765085698,37
2026-03-22,207.4274689360354,174.58457231460866,242.49295644431632,37
2026-01-04,170.81809158062615,138.6890478841829,203.13224016724263,38
2026-01-11,198.28889860926648,166.04886808662758,231.66231848409362,38
2026-01-18,220.16773741776393,187.28968253475688,251.82254680991218,38
2026-01-25,222.8828049701362,190.48670705127384,252.70369219842124,38
2026-02-01,212.4729433574806,183.65386453562218,245.53987248705164,38
2026-02-08,205.16218910592093,173.5354082839003,235.79887814290194,38
2026-02-15,208.58798641986323,175.98300919588124,241.0096466291356,38
2026-02-22,215.02892475386872,184.74641324974309,247.0294368624079,38
2026-03-01,212.8349373831688,178.67395890728906,244.65018153021808,38
2026-03-08,201.08805162293118,168.30544863311562,231.84081330109288,38
2026-03-15,190.09762449954027,155.5511735517217,221.9337581605499,38
2026-03-22,188.30228510083788,157.68495477119183,221.55209754835911,38
2026-01-04,31.430328094733508,25.895090198346654,37.66419762250046,39
2026-01-11,35.425193507688796,29.649731651642632,41.31607600752877,39
2026-01-18,39.018592352418736,32.46408715593972,44.82389557656884,39
2026-01-25,39.9140487795531,34.049437641645966,45.99736907132211,39
2026-02-01,38.57457874552336,32.67255378777594,44.67166817357749,39
2026-02-08,37.30185899353702,31.469888136096785,43.21100509392263,39
2026-02-15,37.61368640949264,31.87091486565461,43.191562891787626,39
2026-02-22,38.80877562282336,33.218341822826815,44.43964704098468,39
2026-03-01,39.07902974329841,33.196933549372794,44.67446843806901,39
2026-03-08,37.660796697527466,31.172222146804916,43.447148271739245,39
2026-03-15,35.56013072167713,29.39263645067344,41.30373688352934,39
2026-03-22,34.232788602642394,28.45723403493569,40.00884906867095,39
2026-01-04,24.839892392865217,20.20102946572069,29.524072272247697,40
2026-01-11,28.438632128906427,23.80289175822993,33.13852118207997,40
2026-01-18,31.550775483899926,26.943107135065258,35.90643064122473,40
2026-01-25,32.4002834670444,27.8125738552577,37.165940058187914,40
2026-02-01,31.34397046441456,26.55088138407395,36.00684665804042,40
2026-02-08,30.073799806612076,25.59491762375376,34.59051420206314,40
2026-02-15,29.71520208752412,25.20096152288638,34.18865668382215,40
2026-02-22,29.93150617590674,25.347939300906653,34.393944228224385,40
2026-03-01,29.76008551808892,24.93954793384809,34.34629879653652,40
2026-03-08,28.91773095519511,24.13007846682263,33.19773268062431,40
2026-03-15,28.013262767889376,23.51181970051579,32.74290580780475,40
2026-03-22,27.62325757541891,22.892190709838797,32.3728399088384,40
